{
  "name": "Compendium Module",
  "title": "Compendium Module",
  "description": "test for releases",
  "author": "Worempie",
  "version": "1.1.0",
  "minimumCoreVersion": "0.8.9",
  "compatibleCoreVersion": "0.8.9",
  "scripts": [
    "init.js"
  ],
  "url": "https://github.com/Worempie/compendium",
  "manifest": "https://github.com/Worempie/compendium/releases/download/1.1.0/module.json",
  "download": "https://github.com/Worempie/compendium/releases/download/1.1.0/compendium.zip"
}
